dimension,analysis_type,pre_mean,post_mean,change,ci_low,ci_high,n,phase_p_value,interaction_p_value,fdr_p_value
perceived_usefulness,mixed_model,3.761111111111111,3.8444444444444446,0.08333333333333333,-0.17222222222222222,0.3111111111111111,45,0.5458249068939554,0.6254588375761287,0.9999999999999964
perceived_ease_of_use,mixed_model,3.803703703703703,3.7888888888888896,-0.01481481481481482,-0.24074074074074067,0.174074074074074,45,0.9464442631798002,0.41939578608015293,0.9999999999999964
behavioral_intention,mixed_model,3.8592592592592596,3.977777777777778,0.11851851851851854,-0.177962962962963,0.38537037037037025,45,0.7102265982529943,0.7631336740375199,0.9999999999999964
hedonic_motivation,mixed_model,3.7851851851851843,3.6962962962962957,-0.08888888888888889,-0.3703703703703703,0.126111111111111,45,0.7431207540803043,0.8167434646681857,0.9999999999999964
locus_of_control,mixed_model,3.088888888888889,3.077777777777778,-0.011111111111111112,-0.2722222222222222,0.2111111111111111,45,0.9290389776840161,0.4885118195396083,0.9999999999999964
trust,mixed_model,3.1666666666666665,3.3962962962962964,0.22962962962962966,0.010925925925925927,0.4481481481481481,45,0.8433201824250554,0.10541038421680092,0.9999999999999964
facilitating_conditions,mixed_model,3.933333333333333,4.066666666666666,0.13333333333333333,-0.2,0.4444444444444444,45,0.05523396632362869,0.12133481100066018,0.2485528484563291
social_influence,mixed_model,3.2888888888888888,3.511111111111111,0.2222222222222222,-0.13388888888888886,0.6,45,0.9999999999999964,0.13376764895939383,0.9999999999999964
attitude,mixed_model,3.8962962962962964,3.837037037037036,-0.05925925925925925,-0.2668518518518519,0.12592592592592594,45,0.015252631687984694,0.002464603843315182,0.13727368519186225
