model,term,estimate,ci_low,ci_high,p_value,n,r_squared,adj_r_squared,stability,std_beta,dimension,fdr_p_value
trust,trust_z,-0.29413939993547494,-0.7171769587179998,0.12889815884704994,0.1729552051973735,32,0.2570288684742611,0.14695907121118867,standard,-0.29413939993547494,trust,0.4006467854319993
perceived_usefulness,perceived_usefulness_z,-0.34618000024021894,-0.8499909009062785,0.1576309004258406,0.17806523796977747,32,0.2544687172518594,0.1440196383262089,standard,-0.34618000024021894,perceived_usefulness,0.4006467854319993
perceived_ease_of_use,perceived_ease_of_use_z,-0.4127830254166533,-0.8129590453014799,-0.01260700553182665,0.043206319639979014,32,0.3131137117195273,0.2113527801224202,standard,-0.4127830254166533,perceived_ease_of_use,0.19442843837990556
behavioral_intention,behavioral_intention_z,-0.2994281930925104,-0.9593954303725791,0.3605390441875583,0.3738747542699479,32,0.23961983010320909,0.12697091604442523,standard,-0.2994281930925104,behavioral_intention,0.6729745576859061
hedonic_motivation,hedonic_motivation_z,0.036658509591454086,-0.2749541594095347,0.3482711785924429,0.8176468180995744,32,0.1763543585171996,0.05433278200122915,standard,0.036658509591454086,hedonic_motivation,0.8349261363266525
locus_of_control,locus_of_control_z,-0.5430931694238887,-0.9618843343515064,-0.12430200449627113,0.01103136462389088,32,0.4083688637927061,0.32071980657681065,standard,-0.5430931694238887,locus_of_control,0.09928228161501793
facilitating_conditions,facilitating_conditions_z,-0.12403484224231792,-0.5241528161798887,0.27608313169525284,0.5434658284230907,32,0.18302036845140046,0.06198634896271904,standard,-0.12403484224231792,facilitating_conditions,0.6987417794011165
social_influence,social_influence_z,-0.12226964971234355,-0.4879385145048626,0.24339921508017548,0.512237120721269,32,0.18731473636822338,0.06691691953388612,standard,-0.12226964971234355,social_influence,0.6987417794011165
attitude,attitude_z,-0.07856930703060294,-0.8175423629416834,0.6604037488804775,0.8349261363266525,32,0.17974617488151845,0.05822708967878043,standard,-0.07856930703060294,attitude,0.8349261363266525
